TreatmentKey,DiagnosisKey,Treatment_Date,Treatment_Description
001,001,2020/5/22,S
002,002,2020/5/22,S
016,003,2022/8/5,RT
004,004,2021/12/14,CT
007,005,2021/2/22,HT
006,006,2023/7/8,IT
005,007,2021/3/16,S
028,008,2023/11/4,CT
009,009,2020/6/17,RT
010,010,2022/10/2,HT
011,011,2023/9/12,TT
012,012,2021/4/28,IT
013,013,2022/5/3,RT
014,014,2020/7/9,CT
015,015,2020/1/15,S
003,016,2020/10/30,HT
017,017,2022/6/25,TT
024,018,2022/3/29,S
019,019,2023/2/9,IT
023,020,2022/12/18,RT
021,021,2021/7/23,CT
022,022,2020/4/5,HT
020,023,2021/1/10,RT
018,024,2023/3/18,IT
025,025,2023/1/14,TT
026,026,2021/9/6,S
027,027,2023/2/7,HT
008,028,2020/3/12,CT
029,029,2020/12/18,S
030,030,2021/11/27,RT