DiagnosisKey,Diagnosis_Date,Diagnosis_Outcome,VisitFK
001,2000/1/15,M,1
002,2000/2/15,B,2
003,2001/3/22,M,3
004,2002/6/10,M,4
005,2003/9/30,M,5
006,2004/11/5,M,6
007,2005/2/17,M,7
008,2006/4/25,M,8
009,2007/7/11,M,9
010,2008/8/19,M,10
011,2009/12/2,M,11
012,2010/1/14,M,12
013,2011/3/8,M,13
014,2012/5/23,M,14
015,2013/7/4,M,15
016,2014/9/18,M,16
017,2015/10/27,M,17
018,2016/2/9,M,18
019,2017/4/20,M,19
020,2018/6/1,M,20
021,2019/8/15,B,21
022,2020/10/30,B,22
023,2021/12/14,B,23
024,2022/1/22,M,24
025,2023/3/4,M,25
026,2023/5/17,M,26
027,2000/7/9,M,27
028,2001/8/25,M,28
029,2002/10/12,M,29
030,2003/2/14,M,30