PatientKey,Patient_First_Name,Patient_Last_Name,Patient_Date_of_Birth,Patient_Contact_Info,PhysicianKey,Physician_License_Number,Physician_First_Name,Physician_Last_Name,OutpatientFK,VisitKey,Visit_Date,Visit_Location,Visit_Type,Visit_Status,Visit_Reason,OutpatientKey,Outpatient_Followup_Required,Outpatient_Referral,Referral_Physician,Inpatient_Admission_Date,Inpatient_Discharge_Time,Inpatient_Room_Number,Inpatient_Bed_Number,DiagnosisKey,Diagnosis_Date,Diagnosis_Outcome,Tumor_Character_Key,Tumor_ Radius_Mean,Tumor_Texture_Mean,Tumor_Perimeter_Mean,BiomarkerKey,Biomarker_Date,Biomarker_Name,Biomarker_Result,TreatmentKey,Treatment_Date,Treatment_Description
842302,Olivia,Hayes,1984/2/14,+1 202-555-0101,003,L12345678,John,Smith,NULL,1,2000/1/20,MH,Outpatient,In Progress,Chemotherapy,1,1,0,NULL,NULL,NULL,NULL,NULL,1,2000/1/15,M,1,17.99,10.38,122.8,1,2000/1/20,CEA,5.3,1,2020/5/22,S
842302,Olivia,Hayes,1984/2/14,+1 202-555-0101,003,L12345678,John,Smith,842302,2,2000/4/17,MH,Outpatient,In Progress,Surgical Consultation,2,1,1,3,NULL,NULL,NULL,NULL,2,2000/2/15,B,2,17.99,10.38,122.8,30,2000/4/17,CA 15-3,5.2,2,2020/5/22,S
842517,Liam,Clark,1999/11/7,+1 202-555-0102,005,L23456789,Mary,Johnson,NULL,3,2001/3/25,CH,Inpatient,Completed,Radiation Therapy,NULL,NULL,NULL,NULL,2001/3/23,2001/3/26,3,1,3,2001/3/22,M,3,20.57,17.77,132.9,2,2001/3/25, CA 15-3 ,5.8,16,2022/8/5,RT
844359,Mia,Thompson,1989/4/5,+1 202-555-0107,003,L12345678,John,Smith,NULL,4,2002/6/15,SH,Outpatient,Completed,Chemotherapy,3,1,0,NULL,NULL,NULL,NULL,NULL,4,2002/6/10,M,9,19.69,21.25,130,3,2002/6/15,CA 27-29 ,19.4,4,2021/12/14,CT
843401,Noah,Patel,1981/6/18,+1 202-555-0104,004,L45678901,Sarah,Jones,NULL,5,2003/10/5,MH,Inpatient,Completed,Symptom Management,NULL,NULL,NULL,NULL,2003/10/3,2003/10/6,4,3,5,2003/9/30,M,5,11.42,20.38,77.58,4,2003/10/5,CEA ,4.7,7,2021/2/22,HT
843502,Ava,Brown,1990/5/22,+1 202-555-0105,003,L12345678,John,Smith,843502,6,2004/11/10,GH,Outpatient,No-show,Follow-up,4,0,1,1,NULL,NULL,NULL,NULL,6,2004/11/5,M,6,20.29,14.34,135.1,19,2004/11/10,CA 27-29 ,23.6,6,2023/7/8,IT
843786,Ethan,Lee,1977/9/13,+1 202-555-0106,001,L89012345,Linda,Wilson,NULL,7,2005/2/20,MH,Inpatient,Completed,Surgical Consultation,NULL,NULL,NULL,NULL,2005/2/18,2005/2/21,4,3,7,2005/2/17,M,17,12.45,15.7,82.57,6,2005/2/20,CEA ,6.2,5,2021/3/16,S
844359,Mia,Thompson,1989/4/5,+1 202-555-0107,002,L90123456,Robert,Moore,844359,8,2006/5/1,UH,Outpatient,Completed,Chemotherapy,5,0,1,2,NULL,NULL,NULL,NULL,8,2006/4/25,M,8,18.25,19.98,119.6,7,2006/5/1,CA 27-29 ,20,28,2023/11/4,CT
844502,Mason,Wilson,1994/8/29,+1 202-555-0108,001,L89012345,Linda,Wilson,NULL,9,2007/7/15,SH,Inpatient,Completed,Radiation Therapy,NULL,NULL,NULL,NULL,2007/7/13,2007/7/16,7,2,9,2007/7/11,M,4,13.71,20.83,90.2,8,2007/7/15,CEA ,5.1,9,2020/6/17,RT
844981,Sophia,Campbell,1997/1/17,+1 202-555-0109,004,L45678901,Sarah,Jones,NULL,10,2008/8/25,MH,Outpatient,Completed,Follow-up,6,0,0,NULL,NULL,NULL,NULL,NULL,10,2008/8/19,M,10,13,21.82,87.5,9,2008/8/25,CA 15-3,18.5,10,2022/10/2,HT
845001,Lucas,Nguyen,1983/10/3,+1 202-555-0110,004,L45678901,Sarah,Jones,845001,11,2009/12/10,WH,Outpatient,Completed,Symptom Management,7,0,1,3,NULL,NULL,NULL,NULL,11,2009/12/2,M,11,12.46,24.04,83.97,10,2009/12/10,CA 27-29,21,11,2023/9/12,TT
845636,Amelia,Walker,1974/7/20,+1 202-555-0111,001,L89012345,Linda,Wilson,NULL,12,2010/1/20,UH,Outpatient,In Progress,Follow-up,8,1,0,NULL,NULL,NULL,NULL,NULL,12,2010/1/14,M,12,16.02,23.24,102.7,12,2010/1/20,CEA ,7.4,12,2021/4/28,IT
845636,Amelia,Walker,1974/7/20,+1 202-555-0111,001,L89012345,Linda,Wilson,NULL,13,2011/3/12,EH,Inpatient,Completed,Radiation Therapy,NULL,NULL,NULL,NULL,2011/3/10,2011/3/13,9,4,13,2011/3/8,M,26,15.78,17.89,103.6,11,2011/3/12,CA 15-3 ,16.2,13,2022/5/3,RT
846226,Harper,Scott,1992/11/30,+1 202-555-0113,004,L45678901,Sarah,Jones,846226,14,2012/5/28,MH,Outpatient,Completed,Follow-up,9,1,1,3,NULL,NULL,NULL,NULL,14,2012/5/23,M,14,19.17,24.8,132.4,25,2012/5/28,CA 27-29 ,25.3,14,2020/7/9,CT
846381,Logan,Murphy,1987/6/23,+1 202-555-0114,004,L45678901,Sarah,Jones,NULL,15,2013/7/10,MH,Inpatient,In Progress,Surgical Consultation,NULL,NULL,NULL,NULL,2013/7/8,2013/7/11,10,1,15,2013/7/4,M,15,15.85,23.95,103.7,14,2013/7/10,CEA ,8,15,2020/1/15,S
846401,Ella,Ramirez,1995/2/11,+1 202-555-0115,003,L12345678,John,Smith,NULL,16,2014/9/25,UH,Inpatient,In Progress,Follow-up,NULL,NULL,NULL,NULL,2014/9/23,2014/9/27,12,2,16,2014/9/18,M,16,13.73,22.61,93.6,15,2014/9/25,CA 15-3,19.7,3,2020/10/30,HT
847002,Alexander,King,1986/8/15,+1 202-555-0116,004,L45678901,Sarah,Jones,NULL,17,2015/11/1,CH,Outpatient,Canceled,Symptom Management,10,1,0,NULL,NULL,NULL,NULL,NULL,17,2015/10/27,M,7,14.54,27.54,96.73,16,2015/11/1,CEA,6.4,17,2022/6/25,TT
848406,Scarlett,Martinez,1998/4/19,+1 202-555-0117,003,L12345678,John,Smith,848406,18,2016/2/15,GH,Outpatient,In Progress,Surgical Consultation,11,0,1,3,NULL,NULL,NULL,NULL,18,2016/2/9,M,18,14.68,20.13,94.74,17,2016/2/15,CEA ,5.6,24,2022/3/29,S
842001,Jackson,Brooks,1975/5/30,+1 202-555-0118,002,L90123456,Robert,Moore,NULL,19,2017/5/1,WH,Inpatient,Completed,Follow-up,NULL,NULL,NULL,NULL,2017/4/29,2017/5/2,11,2,19,2017/4/20,M,30,16.13,20.68,108.1,18,2017/5/1,CA 15-3 ,16.9,19,2023/2/9,IT
842001,Jackson,Brooks,1975/5/30,+1 202-555-0118,002,L90123456,Robert,Moore,NULL,20,2018/6/10,NH,Outpatient,Completed,Radiation Therapy,12,1,0,NULL,NULL,NULL,NULL,NULL,20,2018/6/1,M,20,19.81,22.15,130,5,2018/6/10,CA 27-29 ,20.1,23,2022/12/18,RT
851426,Levi,Hall,1972/1/6,+1 202-555-0120,004,L45678901,Sarah,Jones,NULL,21,2019/8/20,CH,Inpatient,In Progress,Chemotherapy,NULL,NULL,NULL,NULL,2019/8/18,2019/9/1,2,1,21,2019/8/15,B,21,13.54,14.36,87.46,20,2019/8/20,CEA ,5.3,21,2021/7/23,CT
851653,Grace,Rivera,1982/7/10,+1 202-555-0121,001,L89012345,Linda,Wilson,851653,22,2020/11/2,EH,Outpatient,In Progress,Follow-up,13,1,1,3,NULL,NULL,NULL,NULL,22,2020/10/30,B,22,13.08,15.71,85.63,21,2020/11/2,CA 15-3 ,4.9,22,2020/4/5,HT
851824,Aiden,Parker,1991/10/12,+1 202-555-0122,001,L89012345,Linda,Wilson,NULL,23,2021/12/20,CH,Inpatient,In Progress,Radiation Therapy,NULL,NULL,NULL,NULL,2021/12/18,2021/12/21,5,3,23,2021/12/14,B,23,9.504,12.44,60.34,13,2021/12/20,CA 27-29 ,17.8,20,2021/1/10,RT
842001,Jackson,Brooks,1975/5/30,+1 202-555-0118,002,L90123456,Robert,Moore,842001,24,2022/2/2,NH,Outpatient,Completed,Follow-up,14,1,1,4,NULL,NULL,NULL,NULL,24,2022/1/22,M,24,15.34,14.26,102.5,23,2022/2/2,CA 27-29 ,19.9,18,2023/3/18,IT
851509,Sebastian,Cox,2000/6/7,+1 202-555-0124,003,L12345678,John,Smith,NULL,25,2023/3/10,SH,Inpatient,Completed,Follow-up,NULL,NULL,NULL,NULL,2023/3/8,2023/3/11,7,4,25,2023/3/4,M,25,21.16,23.04,137.2,24,2023/3/10,CEA ,5.8,25,2023/1/14,TT
852552,Chloe,Ward,1999/8/24,+1 202-555-0125,005,L23456789,Mary,Johnson,NULL,26,2023/5/20,MH,Inpatient,Completed,Surgical Consultation,NULL,NULL,NULL,NULL,2023/5/18,2023/5/21,7,4,26,2023/5/17,M,13,16.65,21.38,110,22,2023/5/20,CA 27-29 ,21.5,26,2021/9/6,S
852631,Benjamin,Flores,1985/1/9,+1 202-555-0126,004,L45678901,Sarah,Jones,NULL,27,2000/7/15,PH,Outpatient,Canceled,Symptom Management,15,1,0,NULL,NULL,NULL,NULL,NULL,27,2000/7/9,M,27,17.14,16.4,116,26,2000/7/15,CEA ,4.3,27,2023/2/7,HT
852763,Zoey,Morris,1988/4/14,+1 202-555-0127,003,L12345678,John,Smith,852763,28,2001/9/1,WH,Outpatient,In Progress,Chemotherapy,16,0,1,2,NULL,NULL,NULL,NULL,28,2001/8/25,M,28,14.58,21.53,97.41,27,2001/9/1,CA 27-29 ,6.6,8,2020/3/12,CT
852781,Henry,Jenkins,2003/11/22,+1 202-555-0128,005,L23456789,Mary,Johnson,NULL,29,2002/11/10,RH,Inpatient,Completed,Surgical Consultation,NULL,NULL,NULL,NULL,2002/11/8,2002/11/11,8,2,29,2002/10/12,M,29,18.61,20.25,122.1,28,2002/11/10,CA 27-29 ,23.3,29,2020/12/18,S
842001,Jackson,Brooks,1975/5/30,+1 202-555-0118,002,L90123456,Robert,Moore,842001,30,2003/2/20,SH,Outpatient,Completed,Radiation Therapy,17,1,1,1,NULL,NULL,NULL,NULL,30,2003/2/14,M,19,15.3,25.27,102.4,29,2003/2/20,CEA ,4.5,30,2021/11/27,RT
,,,,,,,,,,,,,,,,,,,,,,,,,,,,,,,,,,,,,